{
  "stage1": [
    {
      "epoch": 1,
      "stage": 1,
      "train_loss": 19.564320316314696,
      "train_mae": 19.564320316314696,
      "val_loss": 3.429025888442993,
      "val_mae": 3.429025888442993
    }
  ],
  "stage2": [
    {
      "epoch": 1,
      "stage": 2,
      "train_loss": 13.379927611351013,
      "train_mae": 13.377334512472153,
      "train_reg": 25.93096587327076,
      "val_loss": 3.183116489648819,
      "val_mae": 3.177890384197235,
      "val_reg": 52.261516380310056
    }
  ],
  "stage3": [
    {
      "epoch": 1,
      "stage": 3,
      "train_loss": 15.256817418336869,
      "train_mae": 15.256189926862717,
      "train_reg": 6.275278157808352,
      "val_loss": 4.591483795642853,
      "val_mae": 4.590034794807434,
      "val_reg": 14.48993947505951
    }
  ]
}